series,kind,x_Sb,kappa
Goldsmid,points,0.0,1.5381
Goldsmid,points,0.0985,1.412
Goldsmid,points,0.1636,1.3409
Goldsmid,points,0.2127,1.173
Goldsmid,points,0.3704,1.037
Goldsmid,points,0.3921,1.0015
Goldsmid,points,0.4552,0.9465
Goldsmid,points,0.5025,0.9786
Goldsmid,points,0.7569,0.9358
Goldsmid,points,1.006,1.6413
Rosi,points,0.0,1.2865
Rosi,points,0.0494,1.3928
Rosi,points,0.1202,1.1733
Rosi,points,0.1636,1.0893
Rosi,points,0.2895,0.7632
Rosi,points,0.3803,0.779
Rosi,points,0.5595,0.4688
Rosi,points,0.7232,0.4683
Rosi,points,1.0018,1.064
Poudel,points,0.7542,0.8713
Birkholz,curve,0.0113,0.6822
Birkholz,curve,0.0369,0.6641
Birkholz,curve,0.0566,0.6512
Birkholz,curve,0.0842,0.6356
Birkholz,curve,0.1078,0.624
Birkholz,curve,0.1433,0.6085
Birkholz,curve,0.161,0.593
Birkholz,curve,0.1906,0.5774
Birkholz,curve,0.2162,0.5632
Birkholz,curve,0.2378,0.5516
Birkholz,curve,0.2694,0.5348
Birkholz,curve,0.293,0.5219
Birkholz,curve,0.3186,0.5051
Birkholz,curve,0.3521,0.4947
Birkholz,curve,0.3797,0.4805
Birkholz,curve,0.4034,0.4675
Birkholz,curve,0.4388,0.452
Birkholz,curve,0.4723,0.4455
Birkholz,curve,0.5019,0.439
Birkholz,curve,0.5295,0.4286
Birkholz,curve,0.563,0.4247
Birkholz,curve,0.5985,0.417
Birkholz,curve,0.634,0.4092
Birkholz,curve,0.6596,0.4079
Birkholz,curve,0.6952,0.4078
Birkholz,curve,0.7247,0.4129
Birkholz,curve,0.7642,0.4206
Birkholz,curve,0.7879,0.4348
Birkholz,curve,0.8057,0.4502
Birkholz,curve,0.8294,0.467
Birkholz,curve,0.8393,0.4889
Birkholz,curve,0.8531,0.5095
Birkholz,curve,0.865,0.5301
Birkholz,curve,0.8651,0.5521
Birkholz,curve,0.8789,0.574
Birkholz,curve,0.8928,0.601
Birkholz,curve,0.8967,0.6204
Birkholz,curve,0.9047,0.641
Birkholz,curve,0.9087,0.6604
Birkholz,curve,0.9205,0.681
Birkholz,curve,0.9245,0.7055
Birkholz,curve,0.9364,0.7287
Birkholz,curve,0.9424,0.7481
Birkholz,curve,0.9483,0.7687
Birkholz,curve,0.9543,0.7932
Birkholz,curve,0.9622,0.8138
Birkholz,curve,0.9721,0.8396
Birkholz,curve,0.9919,0.8783
Birkholz,curve,0.9939,0.8963
Katcho,curve,0.0,1.7026
Katcho,curve,0.0491,1.4283
Katcho,curve,0.1022,1.254
Katcho,curve,0.2066,1.0408
Katcho,curve,0.3012,0.9212
Katcho,curve,0.4057,0.8595
Katcho,curve,0.5062,0.8302
Katcho,curve,0.6049,0.8363
Katcho,curve,0.7055,0.8747
Katcho,curve,0.8042,0.9647
Katcho,curve,0.899,1.1547
Katcho,curve,0.9524,1.3448
Katcho,curve,1.0,1.6961
