composition,xSb_pct,direction,length_tag,rows,L_nm,A_used_A2,A_true_A2,kappa_published_recipe,kappa_jp_corrected,kappa_thermostat,ratio_jp_over_thermostat,src_snk_imbalance,path
Bi2Te3,0,X,L_0250A,5000,25.061,13276.29,11647.84,0.7795,0.6653,0.8962,0.7424,-0.001,Bi2Te3/X/L_0250A
Bi2Te3,0,X,L_0500A,5000,50.123,13276.29,11648.32,0.9042,0.7717,1.0298,0.7494,-0.0037,Bi2Te3/X/L_0500A
Bi2Te3,0,X,L_0750A,5000,75.185,13276.29,11648.17,1.0674,0.9111,1.2027,0.7575,-0.0036,Bi2Te3/X/L_0750A
Bi2Te3,0,X,L_1000A,5000,100.247,13276.29,11648.14,1.1525,0.9837,1.3018,0.7556,-0.0236,Bi2Te3/X/L_1000A
Bi2Te3,0,Y,L_0250A,5000,25.061,13276.29,11648.24,0.8709,0.7433,0.8566,0.8677,-0.005,Bi2Te3/Y/L_0250A
Bi2Te3,0,Y,L_0500A,5000,50.123,13276.29,11648.46,1.1109,0.9482,1.0868,0.8724,0.0011,Bi2Te3/Y/L_0500A
Bi2Te3,0,Y,L_0750A,5000,75.185,13276.29,11648.53,1.1697,0.9983,1.1436,0.8729,0.0059,Bi2Te3/Y/L_0750A
Bi2Te3,0,Y,L_1000A,2394,100.246,13276.29,11648.34,1.3277,1.1331,1.2461,0.9093,-0.0083,Bi2Te3/Y/L_1000A
Bi2Te3,0,Z,L_0250A,5000,27.531,12166.52,12204.56,0.6204,0.4586,0.4666,0.9828,-0.0082,Bi2Te3/Z/L_0250A
Bi2Te3,0,Z,L_0500A,5000,52.004,12166.52,12204.94,0.6735,0.4978,0.5074,0.9811,0.0105,Bi2Te3/Z/L_0500A
Bi2Te3,0,Z,L_0750A,5000,76.476,12166.52,12204.92,0.7671,0.567,0.5554,1.0209,0.0838,Bi2Te3/Z/L_0750A
Bi2Te3,0,Z,L_1000A,5000,104.011,12166.52,12204.54,0.8269,0.6112,0.6462,0.9458,-0.0542,Bi2Te3/Z/L_1000A
BiSbTe20,20,X,L_0250A,5000,24.892,13276.29,11576.72,0.4683,0.4049,0.5543,0.7304,0.0037,BiSbTe20/X/L_0250A
BiSbTe20,20,X,L_0500A,5000,49.785,13276.29,11576.65,0.6113,0.5285,0.6929,0.7628,0.007,BiSbTe20/X/L_0500A
BiSbTe20,20,X,L_0750A,3805,74.677,13276.29,11576.73,0.6415,0.5547,0.7403,0.7493,0.0047,BiSbTe20/X/L_0750A
BiSbTe20,20,X,L_1000A,5000,99.568,13276.29,11576.76,0.6247,0.5401,0.7221,0.748,0.0328,BiSbTe20/X/L_1000A
BiSbTe20,20,Y,L_0250A,5000,24.892,13276.29,11577.16,0.5557,0.4804,0.5576,0.8616,-0.0049,BiSbTe20/Y/L_0250A
BiSbTe20,20,Y,L_0500A,2149,49.784,13276.29,11577.12,0.635,0.549,0.6416,0.8557,-0.0113,BiSbTe20/Y/L_0500A
BiSbTe20,20,Y,L_0750A,5000,74.678,13276.29,11577.24,0.7242,0.6261,0.7268,0.8614,0.0243,BiSbTe20/Y/L_0750A
BiSbTe20,20,Y,L_1000A,5000,99.57,13276.29,11576.63,0.7875,0.6809,0.791,0.8608,-0.0647,BiSbTe20/Y/L_1000A
BiSbTe20,20,Z,L_0250A,5000,27.548,12166.52,12040.31,0.286,0.2141,0.2227,0.9617,0.0089,BiSbTe20/Z/L_0250A
BiSbTe20,20,Z,L_0500A,5000,52.039,12166.52,12040.36,0.3191,0.2389,0.2367,1.0094,-0.1045,BiSbTe20/Z/L_0500A
BiSbTe20,20,Z,L_0750A,5000,76.525,12166.52,12040.39,0.3135,0.2348,0.2327,1.0088,-0.1038,BiSbTe20/Z/L_0750A
BiSbTe20,20,Z,L_1000A,5000,104.075,12166.52,12040.28,0.3394,0.2541,0.2469,1.0293,0.0867,BiSbTe20/Z/L_1000A
BiSbTe40,40,X,L_0250A,5000,24.727,13276.29,11495.51,0.4367,0.3828,0.4958,0.7721,0.0012,BiSbTe40/X/L_0250A
BiSbTe40,40,X,L_0500A,5000,49.454,13276.29,11495.25,0.4886,0.4283,0.5695,0.7519,-0.0113,BiSbTe40/X/L_0500A
BiSbTe40,40,X,L_0750A,5000,74.18,13276.29,11495.5,0.5476,0.48,0.6301,0.7618,-0.0038,BiSbTe40/X/L_0750A
BiSbTe40,40,X,L_1000A,5000,98.908,13276.29,11495.37,0.5637,0.4941,0.6542,0.7553,0.0154,BiSbTe40/X/L_1000A
BiSbTe40,40,Y,L_0250A,5000,24.727,13276.29,11495.47,0.5241,0.4594,0.5312,0.8648,-0.0,BiSbTe40/Y/L_0250A
BiSbTe40,40,Y,L_0500A,5000,49.454,13276.29,11495.53,0.5898,0.5169,0.588,0.8792,0.0025,BiSbTe40/Y/L_0500A
BiSbTe40,40,Y,L_0750A,5000,74.181,13276.29,11495.96,0.6415,0.5623,0.6342,0.8867,-0.0011,BiSbTe40/Y/L_0750A
BiSbTe40,40,Y,L_1000A,5000,98.908,13276.29,11495.73,0.6304,0.5526,0.6601,0.837,0.0082,BiSbTe40/Y/L_1000A
BiSbTe40,40,Z,L_0250A,5000,27.536,12166.52,11881.07,0.2265,0.1719,0.1768,0.9723,0.0123,BiSbTe40/Z/L_0250A
BiSbTe40,40,Z,L_0500A,5000,52.019,12166.52,11880.67,0.2475,0.1879,0.1957,0.96,-0.0122,BiSbTe40/Z/L_0500A
BiSbTe40,40,Z,L_0750A,5000,76.498,12166.52,11880.71,0.258,0.1958,0.199,0.9841,-0.0037,BiSbTe40/Z/L_0750A
BiSbTe40,40,Z,L_1000A,5000,104.033,12166.52,11880.92,0.2488,0.1889,0.2129,0.8873,0.1637,BiSbTe40/Z/L_1000A
BiSbTe60,60,X,L_0250A,5000,24.564,13276.29,11401.42,0.444,0.395,0.5275,0.7488,0.0009,BiSbTe60/X/L_0250A
BiSbTe60,60,X,L_0500A,5000,49.129,13276.29,11400.97,0.5012,0.4459,0.599,0.7444,-0.0166,BiSbTe60/X/L_0500A
BiSbTe60,60,X,L_0750A,5000,73.693,13276.29,11400.51,0.5533,0.4923,0.6589,0.7471,0.0437,BiSbTe60/X/L_0750A
BiSbTe60,60,X,L_1000A,5000,98.257,13276.29,11400.48,0.5939,0.5283,0.6707,0.7878,0.0356,BiSbTe60/X/L_1000A
BiSbTe60,60,Y,L_0250A,5000,24.564,13276.29,11401.15,0.5153,0.4585,0.5215,0.8792,-0.0047,BiSbTe60/Y/L_0250A
BiSbTe60,60,Y,L_0500A,5000,49.129,13276.29,11401.27,0.5785,0.5147,0.5918,0.8696,0.0114,BiSbTe60/Y/L_0500A
BiSbTe60,60,Y,L_0750A,5000,73.693,13276.29,11401.11,0.6315,0.5619,0.6488,0.866,0.0176,BiSbTe60/Y/L_0750A
BiSbTe60,60,Y,L_1000A,5000,98.257,13276.29,11400.68,0.6814,0.6063,0.7169,0.8457,0.0008,BiSbTe60/Y/L_1000A
BiSbTe60,60,Z,L_0250A,5000,27.493,12166.52,11725.04,0.1834,0.1413,0.1436,0.9844,-0.0327,BiSbTe60/Z/L_0250A
BiSbTe60,60,Z,L_0500A,5000,51.933,12166.52,11724.96,0.2154,0.1659,0.1763,0.9413,0.0025,BiSbTe60/Z/L_0500A
BiSbTe60,60,Z,L_0750A,5000,76.368,12166.52,11725.15,0.2516,0.1938,0.1904,1.0181,0.0338,BiSbTe60/Z/L_0750A
BiSbTe60,60,Z,L_1000A,5000,103.858,12166.52,11725.1,0.2402,0.1851,0.2077,0.8911,-0.0853,BiSbTe60/Z/L_1000A
BiSbTe80,80,X,L_0250A,5000,24.403,13276.29,11289.74,0.5373,0.4859,0.648,0.7498,-0.0029,BiSbTe80/X/L_0250A
BiSbTe80,80,X,L_0500A,5000,48.807,13276.29,11289.1,0.6093,0.5511,0.7324,0.7524,-0.0166,BiSbTe80/X/L_0500A
BiSbTe80,80,X,L_0750A,5000,73.209,13276.29,11289.4,0.7221,0.6531,0.8535,0.7652,-0.004,BiSbTe80/X/L_0750A
BiSbTe80,80,X,L_1000A,2029,97.612,13276.29,11289.08,0.7268,0.6573,0.9079,0.724,0.0247,BiSbTe80/X/L_1000A
BiSbTe80,80,Y,L_0250A,5000,24.403,13276.29,11288.51,0.6379,0.5769,0.6619,0.8716,0.0035,BiSbTe80/Y/L_0250A
BiSbTe80,80,Y,L_0500A,5000,48.806,13276.29,11289.62,0.7262,0.6568,0.7342,0.8946,-0.0222,BiSbTe80/Y/L_0500A
BiSbTe80,80,Y,L_0750A,5000,73.209,13276.29,11289.43,0.7834,0.7085,0.803,0.8823,-0.0071,BiSbTe80/Y/L_0750A
BiSbTe80,80,Y,L_1000A,5000,97.612,13276.29,11289.16,0.8556,0.7738,0.897,0.8627,-0.0035,BiSbTe80/Y/L_1000A
BiSbTe80,80,Z,L_0250A,5000,27.402,12166.52,11571.69,0.1947,0.1525,0.1558,0.9791,0.0295,BiSbTe80/Z/L_0250A
BiSbTe80,80,Z,L_0500A,2850,51.762,12166.52,11571.68,0.2423,0.1898,0.2066,0.9186,-0.0387,BiSbTe80/Z/L_0500A
BiSbTe80,80,Z,L_0750A,5000,76.12,12166.52,11571.65,0.276,0.2162,0.2117,1.0212,0.0142,BiSbTe80/Z/L_0750A
BiSbTe80,80,Z,L_1000A,3033,103.522,12166.52,11571.76,0.2706,0.2119,0.2902,0.7303,-0.2155,BiSbTe80/Z/L_1000A
Sb2Te3,100,X,L_0250A,4731,25.093,12679.88,11157.55,1.2216,1.039,1.3634,0.7621,-0.0048,Sb2Te3/X/L_0250A
Sb2Te3,100,X,L_0500A,5000,50.186,12679.88,11158.64,1.477,1.2561,1.6647,0.7545,-0.0022,Sb2Te3/X/L_0500A
Sb2Te3,100,X,L_0750A,5000,75.279,12679.88,11158.77,1.5693,1.3345,1.7788,0.7502,-0.0094,Sb2Te3/X/L_0750A
Sb2Te3,100,X,L_1000A,5000,100.372,12679.88,11158.54,1.6428,1.3971,1.8137,0.7703,0.0163,Sb2Te3/X/L_1000A
Sb2Te3,100,Y,L_0250A,5000,25.093,12679.88,11159.39,1.3776,1.1715,1.3439,0.8717,0.0059,Sb2Te3/Y/L_0250A
Sb2Te3,100,Y,L_0500A,5000,50.186,12679.88,11158.67,1.6833,1.4315,1.6393,0.8732,0.0162,Sb2Te3/Y/L_0500A
Sb2Te3,100,Y,L_0750A,5000,75.28,12679.88,11158.91,1.8695,1.5898,1.8245,0.8714,0.0008,Sb2Te3/Y/L_0750A
Sb2Te3,100,Y,L_1000A,5000,100.372,12679.88,11158.39,1.847,1.5707,1.7952,0.875,-0.0082,Sb2Te3/Y/L_1000A
Sb2Te3,100,Z,L_0250A,5000,27.265,12228.46,12281.67,0.5112,0.3765,0.3837,0.9813,0.0152,Sb2Te3/Z/L_0250A
Sb2Te3,100,Z,L_0500A,5000,51.503,12228.46,12281.42,0.5715,0.4209,0.4284,0.9824,-0.0109,Sb2Te3/Z/L_0500A
Sb2Te3,100,Z,L_0750A,5000,78.768,12228.46,12281.61,0.575,0.4235,0.4494,0.9424,-0.056,Sb2Te3/Z/L_0750A
Sb2Te3,100,Z,L_1000A,3559,103.005,12228.46,12281.51,0.5649,0.416,0.4705,0.8842,-0.0168,Sb2Te3/Z/L_1000A
