comp,xSb,dir,n_len,kappa_inf,se_stat,se_stat_pct,se_regr,se_regr_pct,ratio_regr_over_stat,se_total,se_total_pct,R2
Bi2Te3,0,X,4,1.449,0.069,4.76,0.107,7.39,1.55,0.107,7.39,0.9312
Bi2Te3,0,Y,4,1.4354,0.0839,5.84,0.0399,2.78,0.48,0.0839,5.84,0.9905
Bi2Te3,0,Z,4,0.6733,0.0407,6.04,0.0637,9.46,1.57,0.0637,9.46,0.8236
BiSbTe20,20,X,4,0.8484,0.0387,4.57,0.0394,4.65,1.02,0.0394,4.65,0.9564
BiSbTe20,20,Y,4,0.8699,0.0344,3.96,0.0519,5.96,1.51,0.0519,5.96,0.9443
BiSbTe20,20,Z,4,0.25,0.0187,7.49,0.0071,2.82,0.38,0.0187,7.49,0.7792
BiSbTe40,40,X,4,0.7214,0.0271,3.76,0.0206,2.85,0.76,0.0271,3.76,0.9793
BiSbTe40,40,Y,4,0.7034,0.0348,4.95,0.0183,2.6,0.52,0.0348,4.95,0.967
BiSbTe40,40,Z,4,0.2231,0.0294,13.17,0.0058,2.59,0.2,0.0294,13.17,0.9508
BiSbTe60,60,X,4,0.7361,0.0264,3.59,0.0179,2.43,0.68,0.0264,3.59,0.98
BiSbTe60,60,Y,4,0.7679,0.0491,6.39,0.0435,5.66,0.89,0.0491,6.39,0.9307
BiSbTe60,60,Z,4,0.241,0.0355,14.73,0.0054,2.24,0.15,0.0355,14.73,0.9942
BiSbTe80,80,X,4,1.0015,0.0363,3.63,0.0697,6.96,1.92,0.0697,6.96,0.9229
BiSbTe80,80,Y,4,0.9417,0.0343,3.64,0.0629,6.68,1.83,0.0629,6.68,0.8879
BiSbTe80,80,Z,4,0.3387,0.0433,12.78,0.0584,17.25,1.35,0.0584,17.25,0.8992
Sb2Te3,100,X,4,2.0731,0.061,2.94,0.0308,1.49,0.51,0.061,2.94,0.9953
Sb2Te3,100,Y,4,2.1007,0.0787,3.75,0.0709,3.38,0.9,0.0787,3.75,0.98
Sb2Te3,100,Z,4,0.5031,0.0329,6.53,0.0074,1.47,0.22,0.0329,6.53,0.9883
