composition,xSb_pct,direction,n,L_min_nm,L_max_nm,kappa_inf_thermostat,se_kappa_inf,rel_se_pct,R2_thermostat,MFP_nm,se_MFP_nm,kappa_inf_jp,R2_jp,kappa_inf_published_recipe,R2_published
Bi2Te3,0,X,4,25.06,100.25,1.449,0.107,7.39,0.9312,16.14,3.32,1.1086,0.936,1.2989,0.936
Bi2Te3,0,Y,4,25.06,100.25,1.4354,0.0399,2.78,0.9905,16.88,1.26,1.2991,0.9778,1.5222,0.9778
Bi2Te3,0,Z,4,27.53,104.01,0.6733,0.0637,9.46,0.8236,13.08,4.46,0.6586,0.8859,0.891,0.886
BiSbTe20,20,X,4,24.89,99.57,0.8484,0.0394,4.65,0.9564,12.85,2.03,0.6513,0.9344,0.7533,0.9344
BiSbTe20,20,Y,4,24.89,99.57,0.8699,0.0519,5.96,0.9443,14.49,2.63,0.7469,0.9348,0.8639,0.9348
BiSbTe20,20,Z,4,27.55,104.07,0.25,0.0071,2.82,0.7792,3.4,1.28,0.2637,0.8713,0.3522,0.8712
BiSbTe40,40,X,4,24.73,98.91,0.7214,0.0206,2.85,0.9793,11.51,1.23,0.5385,0.9525,0.6144,0.9525
BiSbTe40,40,Y,4,24.73,98.91,0.7034,0.0183,2.6,0.967,8.25,1.1,0.6063,0.9648,0.6918,0.9647
BiSbTe40,40,Z,4,27.54,104.03,0.2231,0.0058,2.59,0.9508,7.28,1.19,0.2031,0.8515,0.2676,0.8515
BiSbTe60,60,X,4,24.56,98.26,0.7361,0.0179,2.43,0.98,9.89,1.03,0.5699,0.9476,0.6405,0.9476
BiSbTe60,60,Y,4,24.56,98.26,0.7679,0.0435,5.66,0.9307,12.08,2.43,0.6479,0.9424,0.7283,0.9425
BiSbTe60,60,Z,4,27.49,103.86,0.241,0.0054,2.24,0.9942,18.78,1.1,0.2197,0.9346,0.2851,0.9346
BiSbTe80,80,X,4,24.4,97.61,1.0015,0.0697,6.96,0.9229,13.93,3.01,0.7419,0.9273,0.8203,0.9273
BiSbTe80,80,Y,4,24.4,97.61,0.9417,0.0629,6.68,0.8879,10.87,2.83,0.8288,0.9496,0.9165,0.9497
BiSbTe80,80,Z,4,27.4,103.52,0.3387,0.0584,17.25,0.8992,32.82,9.61,0.2601,0.9738,0.332,0.9738
Sb2Te3,100,X,4,25.09,100.37,2.0731,0.0308,1.49,0.9953,12.94,0.65,1.5716,0.9991,1.8482,0.9991
Sb2Te3,100,Y,4,25.09,100.37,2.1007,0.0709,3.38,0.98,14.05,1.5,1.8373,0.9828,2.1604,0.9828
Sb2Te3,100,Z,4,27.27,103.0,0.5031,0.0074,1.47,0.9883,8.59,0.67,0.4459,0.8363,0.6055,0.8363
