composition,x_Sb_percent,direction,length,rows,L_nm,A_used_A2,A_true_A2,dTdx_K_per_m,kappa_pub,kappa_jp,kappa_th,source_sink_imbalance
Bi2Te3,0,X,L_0250A,5000,25.06,13276.3,11647.8,-1.778219e+09,0.7795,0.6653,0.8962,-0.001
Bi2Te3,0,X,L_0500A,5000,50.12,13276.3,11648.3,-1.023726e+09,0.9042,0.7717,1.0298,-0.0037
Bi2Te3,0,X,L_0750A,5000,75.18,13276.3,11648.2,-6.836411e+08,1.0674,0.9111,1.2027,-0.0036
Bi2Te3,0,X,L_1000A,5000,100.25,13276.3,11648.1,-5.099396e+08,1.1525,0.9837,1.3018,-0.0236
Bi2Te3,0,Y,L_0250A,5000,25.06,13276.3,11648.2,-1.811510e+09,0.8709,0.7433,0.8566,-0.005
Bi2Te3,0,Y,L_0500A,5000,50.12,13276.3,11648.5,-9.726619e+08,1.1109,0.9482,1.0868,0.0011
Bi2Te3,0,Y,L_0750A,5000,75.19,13276.3,11648.5,-7.031169e+08,1.1697,0.9983,1.1436,0.0059
Bi2Te3,0,Y,L_1000A,2394,100.25,13276.3,11648.3,-5.242098e+08,1.3277,1.1331,1.2461,-0.0083
Bi2Te3,0,Z,L_0250A,5000,27.53,12166.5,12204.6,-1.157981e+09,0.6204,0.4586,0.4666,-0.0082
Bi2Te3,0,Z,L_0500A,5000,52.0,12166.5,12204.9,-9.022848e+08,0.6735,0.4978,0.5074,0.0105
Bi2Te3,0,Z,L_0750A,5000,76.48,12166.5,12204.9,-6.328769e+08,0.7671,0.567,0.5554,0.0838
Bi2Te3,0,Z,L_1000A,5000,104.01,12166.5,12204.5,-4.202554e+08,0.8269,0.6112,0.6462,-0.0542
BiSbTe20,20,X,L_0250A,5000,24.89,13276.3,11576.7,-2.172403e+09,0.4683,0.4049,0.5543,0.0037
BiSbTe20,20,X,L_0500A,5000,49.78,13276.3,11576.7,-1.102328e+09,0.6113,0.5285,0.6929,0.007
BiSbTe20,20,X,L_0750A,3805,74.68,13276.3,11576.7,-7.594186e+08,0.6415,0.5547,0.7403,0.0047
BiSbTe20,20,X,L_1000A,5000,99.57,13276.3,11576.8,-5.792077e+08,0.6247,0.5401,0.7221,0.0328
BiSbTe20,20,Y,L_0250A,5000,24.89,13276.3,11577.2,-2.143830e+09,0.5557,0.4804,0.5576,-0.0049
BiSbTe20,20,Y,L_0500A,2149,49.78,13276.3,11577.1,-1.129988e+09,0.635,0.549,0.6416,-0.0113
BiSbTe20,20,Y,L_0750A,5000,74.68,13276.3,11577.2,-7.727043e+08,0.7242,0.6261,0.7268,0.0243
BiSbTe20,20,Y,L_1000A,5000,99.57,13276.3,11576.6,-5.602378e+08,0.7875,0.6809,0.791,-0.0647
BiSbTe20,20,Z,L_0250A,5000,27.55,12166.5,12040.3,-1.612651e+09,0.286,0.2141,0.2227,0.0089
BiSbTe20,20,Z,L_0500A,5000,52.04,12166.5,12040.4,-1.048279e+09,0.3191,0.2389,0.2367,-0.1045
BiSbTe20,20,Z,L_0750A,5000,76.52,12166.5,12040.4,-7.966757e+08,0.3135,0.2348,0.2327,-0.1038
BiSbTe20,20,Z,L_1000A,5000,104.07,12166.5,12040.3,-5.248493e+08,0.3394,0.2541,0.2469,0.0867
BiSbTe40,40,X,L_0250A,5000,24.73,13276.3,11495.5,-2.184647e+09,0.4367,0.3828,0.4958,0.0012
BiSbTe40,40,X,L_0500A,5000,49.45,13276.3,11495.2,-1.187270e+09,0.4886,0.4283,0.5695,-0.0113
BiSbTe40,40,X,L_0750A,5000,74.18,13276.3,11495.5,-8.187901e+08,0.5476,0.48,0.6301,-0.0038
BiSbTe40,40,X,L_1000A,5000,98.91,13276.3,11495.4,-6.106038e+08,0.5637,0.4941,0.6542,0.0154
BiSbTe40,40,Y,L_0250A,5000,24.73,13276.3,11495.5,-2.139851e+09,0.5241,0.4594,0.5312,-0.0
BiSbTe40,40,Y,L_0500A,5000,49.45,13276.3,11495.5,-1.124059e+09,0.5898,0.5169,0.588,0.0025
BiSbTe40,40,Y,L_0750A,5000,74.18,13276.3,11496.0,-7.703069e+08,0.6415,0.5623,0.6342,-0.0011
BiSbTe40,40,Y,L_1000A,5000,98.91,13276.3,11495.7,-6.122682e+08,0.6304,0.5526,0.6601,0.0082
BiSbTe40,40,Z,L_0250A,5000,27.54,12166.5,11881.1,-1.688175e+09,0.2265,0.1719,0.1768,0.0123
BiSbTe40,40,Z,L_0500A,5000,52.02,12166.5,11880.7,-1.049307e+09,0.2475,0.1879,0.1957,-0.0122
BiSbTe40,40,Z,L_0750A,5000,76.5,12166.5,11880.7,-7.513246e+08,0.258,0.1958,0.199,-0.0037
BiSbTe40,40,Z,L_1000A,5000,104.03,12166.5,11880.9,-5.455893e+08,0.2488,0.1889,0.2129,0.1637
BiSbTe60,60,X,L_0250A,5000,24.56,13276.3,11401.4,-2.239541e+09,0.444,0.395,0.5275,0.0009
BiSbTe60,60,X,L_0500A,5000,49.13,13276.3,11401.0,-1.190546e+09,0.5012,0.4459,0.599,-0.0166
BiSbTe60,60,X,L_0750A,5000,73.69,13276.3,11400.5,-8.196942e+08,0.5533,0.4923,0.6589,0.0437
BiSbTe60,60,X,L_1000A,5000,98.26,13276.3,11400.5,-6.142943e+08,0.5939,0.5283,0.6707,0.0356
BiSbTe60,60,Y,L_0250A,5000,24.56,13276.3,11401.1,-2.251071e+09,0.5153,0.4585,0.5215,-0.0047
BiSbTe60,60,Y,L_0500A,5000,49.13,13276.3,11401.3,-1.172260e+09,0.5785,0.5147,0.5918,0.0114
BiSbTe60,60,Y,L_0750A,5000,73.69,13276.3,11401.1,-8.195685e+08,0.6315,0.5619,0.6488,0.0176
BiSbTe60,60,Y,L_1000A,5000,98.26,13276.3,11400.7,-6.043187e+08,0.6814,0.6063,0.7169,0.0008
BiSbTe60,60,Z,L_0250A,5000,27.49,12166.5,11725.0,-1.768116e+09,0.1834,0.1413,0.1436,-0.0327
BiSbTe60,60,Z,L_0500A,5000,51.93,12166.5,11725.0,-1.085302e+09,0.2154,0.1659,0.1763,0.0025
BiSbTe60,60,Z,L_0750A,5000,76.37,12166.5,11725.2,-7.221540e+08,0.2516,0.1938,0.1904,0.0338
BiSbTe60,60,Z,L_1000A,5000,103.86,12166.5,11725.1,-4.906988e+08,0.2402,0.1851,0.2077,-0.0853
BiSbTe80,80,X,L_0250A,5000,24.4,13276.3,11289.7,-2.161390e+09,0.5373,0.4859,0.648,-0.0029
BiSbTe80,80,X,L_0500A,5000,48.81,13276.3,11289.1,-1.198270e+09,0.6093,0.5511,0.7324,-0.0166
BiSbTe80,80,X,L_0750A,5000,73.21,13276.3,11289.4,-7.622534e+08,0.7221,0.6531,0.8535,-0.004
BiSbTe80,80,X,L_1000A,2029,97.61,13276.3,11289.1,-5.728919e+08,0.7268,0.6573,0.9079,0.0247
BiSbTe80,80,Y,L_0250A,5000,24.4,13276.3,11288.5,-2.182480e+09,0.6379,0.5769,0.6619,0.0035
BiSbTe80,80,Y,L_0500A,5000,48.81,13276.3,11289.6,-1.185797e+09,0.7262,0.6568,0.7342,-0.0222
BiSbTe80,80,Y,L_0750A,5000,73.21,13276.3,11289.4,-7.971969e+08,0.7834,0.7085,0.803,-0.0071
BiSbTe80,80,Y,L_1000A,5000,97.61,13276.3,11289.2,-5.897149e+08,0.8556,0.7738,0.897,-0.0035
BiSbTe80,80,Z,L_0250A,5000,27.4,12166.5,11571.7,-1.786615e+09,0.1947,0.1525,0.1558,0.0295
BiSbTe80,80,Z,L_0500A,2850,51.76,12166.5,11571.7,-1.003844e+09,0.2423,0.1898,0.2066,-0.0387
BiSbTe80,80,Z,L_0750A,5000,76.12,12166.5,11571.6,-6.909434e+08,0.276,0.2162,0.2117,0.0142
BiSbTe80,80,Z,L_1000A,3033,103.52,12166.5,11571.8,-4.549175e+08,0.2706,0.2119,0.2902,-0.2155
Sb2Te3,100,X,L_0250A,4731,25.09,12679.9,11157.6,-1.695291e+09,1.2216,1.039,1.3634,-0.0048
Sb2Te3,100,X,L_0500A,5000,50.19,12679.9,11158.6,-9.487954e+08,1.477,1.2561,1.6647,-0.0022
Sb2Te3,100,X,L_0750A,5000,75.28,12679.9,11158.8,-6.708626e+08,1.5693,1.3345,1.7788,-0.0094
Sb2Te3,100,X,L_1000A,5000,100.37,12679.9,11158.5,-5.257945e+08,1.6428,1.3971,1.8137,0.0163
Sb2Te3,100,Y,L_0250A,5000,25.09,12679.9,11159.4,-1.733656e+09,1.3776,1.1715,1.3439,0.0059
Sb2Te3,100,Y,L_0500A,5000,50.19,12679.9,11158.7,-9.406069e+08,1.6833,1.4315,1.6393,0.0162
Sb2Te3,100,Y,L_0750A,5000,75.28,12679.9,11158.9,-6.768450e+08,1.8695,1.5898,1.8245,0.0008
Sb2Te3,100,Y,L_1000A,5000,100.37,12679.9,11158.4,-5.327708e+08,1.847,1.5707,1.7952,-0.0082
Sb2Te3,100,Z,L_0250A,5000,27.27,12228.5,12281.7,-1.238077e+09,0.5112,0.3765,0.3837,0.0152
Sb2Te3,100,Z,L_0500A,5000,51.5,12228.5,12281.4,-8.837266e+08,0.5715,0.4209,0.4284,-0.0109
Sb2Te3,100,Z,L_0750A,5000,78.77,12228.5,12281.6,-5.670075e+08,0.575,0.4235,0.4494,-0.056
Sb2Te3,100,Z,L_1000A,3559,103.0,12228.5,12281.5,-5.198139e+08,0.5649,0.416,0.4705,-0.0168
